{"atoms": 32.0, "bonds": 48.0, "dihedrals": 192.0, "lx": 10.05836544971398, "ly": 8.710800000000003, "lz": 200.0, "pe_atom": 3.760186606615229e-18, "ebond_atom": 4.6630538776305975e-29, "eangle_atom": 4.1269689664944755e-29, "edihed_atom": 3.760186606527329e-18, "pxx": 9.493941487905514e-09, "pyy": -4.707827677145836e-09, "pzz": 0.0, "pxy": 3.293552608433559e-09, "pxz": 0.0, "pyz": 0.0, "area_density": 0.3652283868727951, "basis_ax_opt": 2.514591362428495, "basis_ay_opt": 4.355400000000001}