{"s11": 0.0001498823326939399, "s22": 0.00015046789842263183, "s66": 5.87973185275472e-07, "s26": -4.019710344089218e-06, "s16": -3.847196593684322e-06, "s12": 0.00015019318865941748}