{"c11": 279.30899679949397, "c22": 279.308996616968, "c66": 101.2195317888338, "c26": -4.6560245019191e-06, "c16": 4.63384430882966e-06, "c12": 76.8698876683558}