{"x_5": {"dim": "x", "nx": 5, "radius": 2.0944067412214, "pe_atom": 0.06590898872762851, "pe_atom_ref": 0.06590898872762851, "bm": 0.2111841028431216}, "x_6": {"dim": "x", "nx": 6, "radius": 2.479377431226536, "pe_atom": 0.04208273048456179, "pe_atom_ref": 0.042082730484561785, "bm": 0.1889660212098861}, "x_7": {"dim": "x", "nx": 7, "radius": 2.868469479134069, "pe_atom": 0.02960388768491339, "pe_atom_ref": 0.029603887684913385, "bm": 0.17792776980770658}, "x_8": {"dim": "x", "nx": 8, "radius": 3.26028021701782, "pe_atom": 0.02211349458468841, "pe_atom_ref": 0.022113494584688406, "bm": 0.1716966246778782}, "x_9": {"dim": "x", "nx": 9, "radius": 3.653943593835254, "pe_atom": 0.0172102354821948, "pe_atom_ref": 0.017210235482194795, "bm": 0.1678436870342066}, "x_10": {"dim": "x", "nx": 10, "radius": 4.048915632127376, "pe_atom": 0.01380345793495589, "pe_atom_ref": 0.013803457934955887, "bm": 0.16529505894508317}, "x_11": {"dim": "x", "nx": 11, "radius": 4.444842741948187, "pe_atom": 0.01133087848191349, "pe_atom_ref": 0.011330878481913487, "bm": 0.16352000936567093}, "x_12": {"dim": "x", "nx": 12, "radius": 4.841486826584205, "pe_atom": 0.009475154584355215, "pe_atom_ref": 0.009475154584355211, "bm": 0.16223267674941083}, "x_13": {"dim": "x", "nx": 13, "radius": 5.238682300573448, "pe_atom": 0.008044705494517466, "pe_atom_ref": 0.008044705494517463, "bm": 0.1612682204210001}, "x_20": {"dim": "x", "nx": 20, "radius": 8.027523481449306, "pe_atom": 0.003362856635247474, "pe_atom_ref": 0.00336285663524747, "bm": 0.15829457928201043}, "x_40": {"dim": "x", "nx": 40, "radius": 16.02003773396951, "pe_atom": 0.0008365029445828564, "pe_atom_ref": 0.0008365029445828526, "bm": 0.15681552784461417}, "x_80": {"dim": "x", "nx": 80, "radius": 32.02259579445887, "pe_atom": 0.0002088829331080043, "pe_atom_ref": 0.00020888293310800053, "bm": 0.1564626007701367}, "x_160": {"dim": "x", "nx": 160, "radius": 64.03645509615654, "pe_atom": 5.22058778770541e-05, "pe_atom_ref": 5.2205877877050336e-05, "bm": 0.15637541984712094}, "x_320": {"dim": "x", "nx": 320, "radius": 128.0685423627345, "pe_atom": 1.305054600777545e-05, "pe_atom_ref": 1.3050546007771689e-05, "bm": 0.15635369025324944}, "y_3": {"dim": "y", "nx": 3, "radius": 2.137960688459079, "pe_atom": 0.05754436943866834, "pe_atom_ref": 0.057544369438668336, "bm": 0.19213070974687046}, "y_4": {"dim": "y", "nx": 4, "radius": 2.817232188943986, "pe_atom": 0.02975407082437297, "pe_atom_ref": 0.029754070824372966, "bm": 0.17249884717049105}, "y_5": {"dim": "y", "nx": 5, "radius": 3.501731426639908, "pe_atom": 0.01847134557800512, "pe_atom_ref": 0.018471345578005116, "bm": 0.16544693344848074}, "y_6": {"dim": "y", "nx": 6, "radius": 4.189032303759879, "pe_atom": 0.01265314419700728, "pe_atom_ref": 0.012653144197007277, "bm": 0.16218862688262228}, "y_7": {"dim": "y", "nx": 7, "radius": 4.877980891810735, "pe_atom": 0.009229868823033534, "pe_atom_ref": 0.00922986882303353, "bm": 0.16042433180422774}, "y_8": {"dim": "y", "nx": 8, "radius": 5.5679742256889, "pe_atom": 0.007037099560829805, "pe_atom_ref": 0.007037099560829802, "bm": 0.15936122105440814}, "y_9": {"dim": "y", "nx": 9, "radius": 6.258669759336349, "pe_atom": 0.005545443750519463, "pe_atom_ref": 0.00554544375051946, "bm": 0.15867002792350016}, "y_10": {"dim": "y", "nx": 10, "radius": 6.949859323547609, "pe_atom": 0.004483786970666559, "pe_atom_ref": 0.004483786970666556, "bm": 0.15819455061447}, "y_11": {"dim": "y", "nx": 11, "radius": 7.641409387978953, "pe_atom": 0.003700933480901392, "pe_atom_ref": 0.003700933480901388, "bm": 0.15785296191960407}, "y_12": {"dim": "y", "nx": 12, "radius": 8.33323045968108, "pe_atom": 0.003106934701335784, "pe_atom_ref": 0.0031069347013357802, "bm": 0.15759899067761837}, "y_13": {"dim": "y", "nx": 13, "radius": 9.025260352164974, "pe_atom": 0.002645477554697948, "pe_atom_ref": 0.002645477554697944, "bm": 0.15740483907403735}, "y_20": {"dim": "y", "nx": 20, "radius": 13.8726932950223, "pe_atom": 0.001115264013989416, "pe_atom_ref": 0.0011152640139894124, "bm": 0.15678112607929506}, "y_40": {"dim": "y", "nx": 40, "radius": 27.73185123536407, "pe_atom": 0.0002785048513658375, "pe_atom_ref": 0.00027850485136583374, "bm": 0.1564534012728006}, "y_80": {"dim": "y", "nx": 80, "radius": 55.45693214084086, "pe_atom": 6.96074612470943e-05, "pe_atom_ref": 6.960746124709054e-05, "bm": 0.1563730823363904}, "y_160": {"dim": "y", "nx": 160, "radius": 110.9104787893386, "pe_atom": 1.740070423295643e-05, "pe_atom_ref": 1.740070423295267e-05, "bm": 0.15635310352579107}}