{"atoms": 32.0, "bonds": 48.0, "dihedrals": 192.0, "lx": 10.05836544971398, "ly": 8.710800000000006, "lz": 200.0, "pe_atom": 2.7609858843678827e-17, "ebond_atom": 2.9445985883623656e-29, "eangle_atom": 2.5284717645563577e-30, "edihed_atom": 2.7609858843646853e-17, "pxx": 6.111104986487795e-09, "pyy": -1.6580728947524318e-08, "pzz": 0.0, "pxy": 2.2560203258930866e-09, "pxz": 0.0, "pyz": 0.0, "area_density": 0.36522838687279496, "basis_ax_opt": 2.514591362428495, "basis_ay_opt": 4.355400000000003}