{"c11": 191.6898997714138, "c22": 191.68989979347083, "c66": 13.600458006159359, "c26": 1.128537312608182e-07, "c16": -1.055135127336708e-07, "c12": 164.4889846199372}