{"s11": 0.0018967739006470058, "s22": 0.0015188996970542015, "s66": 0.002603693585773743, "s26": -0.0004116701984826063, "s16": 0.00107530506359991, "s12": 0.0012832260938767546}