{"x_5": {"dim": "x", "nx": 5, "radius": 1.950345886697028, "pe_atom": 0.3335148465408707, "pe_atom_ref": 0.3335148465408707, "bm": 0.926686784754882}, "x_6": {"dim": "x", "nx": 6, "radius": 2.321410018857895, "pe_atom": 0.2561817900982134, "pe_atom_ref": 0.2561817900982134, "bm": 1.008431691774225}, "x_7": {"dim": "x", "nx": 7, "radius": 2.705665005037888, "pe_atom": 0.2017497423237333, "pe_atom_ref": 0.20174974232373327, "bm": 1.0788363190406955}, "x_8": {"dim": "x", "nx": 8, "radius": 3.097097944189048, "pe_atom": 0.162518350489141, "pe_atom_ref": 0.16251835048914098, "bm": 1.1386934076259656}, "x_9": {"dim": "x", "nx": 9, "radius": 3.492804646611741, "pe_atom": 0.1334782346617578, "pe_atom_ref": 0.13347823466175776, "bm": 1.1894702031719813}, "x_10": {"dim": "x", "nx": 10, "radius": 3.891185591046335, "pe_atom": 0.111447530256664, "pe_atom_ref": 0.11144753025666397, "bm": 1.2326190051926889}, "x_11": {"dim": "x", "nx": 11, "radius": 4.291286220111691, "pe_atom": 0.09436977240179059, "pe_atom_ref": 0.09436977240179056, "bm": 1.269411395145923}, "x_12": {"dim": "x", "nx": 12, "radius": 4.692505819850775, "pe_atom": 0.08088066814926247, "pe_atom_ref": 0.08088066814926244, "bm": 1.300914908987273}, "x_13": {"dim": "x", "nx": 13, "radius": 5.094452313314196, "pe_atom": 0.07005065224546839, "pe_atom_ref": 0.07005065224546836, "bm": 1.3280111057278121}, "x_20": {"dim": "x", "nx": 20, "radius": 7.914125306934668, "pe_atom": 0.03150408178531974, "pe_atom_ref": 0.031504081785319715, "bm": 1.44134249678893}, "x_40": {"dim": "x", "nx": 40, "radius": 15.95486680699774, "pe_atom": 0.008217679532108953, "pe_atom_ref": 0.008217679532108925, "bm": 1.5280236908657228}, "x_80": {"dim": "x", "nx": 80, "radius": 31.98862913640597, "pe_atom": 0.002079326376473188, "pe_atom_ref": 0.00207932637647316, "bm": 1.5542054992189964}, "x_160": {"dim": "x", "nx": 160, "radius": 64.01928484148644, "pe_atom": 0.0005214599058457078, "pe_atom_ref": 0.0005214599058456802, "bm": 1.5611228458524393}, "x_320": {"dim": "x", "nx": 320, "radius": 128.0599333881553, "pe_atom": 0.0001304679518588825, "pe_atom_ref": 0.0001304679518588549, "bm": 1.562877391168203}, "y_3": {"dim": "y", "nx": 3, "radius": 2.002478662020581, "pe_atom": 0.3181981028313485, "pe_atom_ref": 0.3181981028313485, "bm": 0.9320257276730474}, "y_4": {"dim": "y", "nx": 4, "radius": 2.680498135935776, "pe_atom": 0.2118904257976448, "pe_atom_ref": 0.21189042579764478, "bm": 1.1120821592365178}, "y_5": {"dim": "y", "nx": 5, "radius": 3.373003990006016, "pe_atom": 0.1479897519053474, "pe_atom_ref": 0.14798975190534738, "bm": 1.2298718825733945}, "y_6": {"dim": "y", "nx": 6, "radius": 4.070535152164494, "pe_atom": 0.1081924600310376, "pe_atom_ref": 0.10819246003103757, "bm": 1.3094669318169836}, "y_7": {"dim": "y", "nx": 7, "radius": 4.769564958968151, "pe_atom": 0.08214129228946151, "pe_atom_ref": 0.08214129228946149, "bm": 1.3649400844127157}, "y_8": {"dim": "y", "nx": 8, "radius": 5.468745739434687, "pe_atom": 0.06430215172808845, "pe_atom_ref": 0.06430215172808842, "bm": 1.4047385170846547}, "y_9": {"dim": "y", "nx": 9, "radius": 6.167575812447531, "pe_atom": 0.05161098341341007, "pe_atom_ref": 0.05161098341341004, "bm": 1.4340544724665538}, "y_10": {"dim": "y", "nx": 10, "radius": 6.865895150275995, "pe_atom": 0.04228842443267106, "pe_atom_ref": 0.04228842443267103, "bm": 1.456164232710286}, "y_11": {"dim": "y", "nx": 11, "radius": 7.56368278520657, "pe_atom": 0.03525316247414838, "pe_atom_ref": 0.03525316247414835, "bm": 1.473191541111202}, "y_12": {"dim": "y", "nx": 12, "radius": 8.26097202065771, "pe_atom": 0.02982102434853263, "pe_atom_ref": 0.029821024348532604, "bm": 1.4865495185427609}, "y_13": {"dim": "y", "nx": 13, "radius": 8.95781422525483, "pe_atom": 0.02554357813637744, "pe_atom_ref": 0.025543578136377414, "bm": 1.4972018555057427}, "y_20": {"dim": "y", "nx": 20, "radius": 13.82714551062764, "pe_atom": 0.0109868809446577, "pe_atom_ref": 0.010986880944657672, "bm": 1.5343838036827377}, "y_40": {"dim": "y", "nx": 40, "radius": 27.70857449545182, "pe_atom": 0.00277457288393081, "pe_atom_ref": 0.002774572883930782, "bm": 1.5560337960400972}, "y_80": {"dim": "y", "nx": 80, "radius": 55.44522882285164, "pe_atom": 0.0006954180084430623, "pe_atom_ref": 0.0006954180084430346, "bm": 1.5615964534602715}, "y_160": {"dim": "y", "nx": 160, "radius": 110.9046189346145, "pe_atom": 0.0001739659749638989, "pe_atom_ref": 0.0001739659749638713, "bm": 1.5629968544882118}}