{"atoms": 32.0, "bonds": 48.0, "dihedrals": 192.0, "lx": 10.05836544971398, "ly": 8.710799999999999, "lz": 200.0, "pe_atom": 2.5202062658995343e-16, "ebond_atom": 2.420551124564655e-29, "eangle_atom": 1.8698776792857876e-29, "edihed_atom": 2.5202062658991054e-16, "pxx": 8.77900010724668e-09, "pyy": 7.493786849335959e-09, "pzz": 0.0, "pxy": -6.272380930092813e-10, "pxz": 0.0, "pyz": 0.0, "area_density": 0.36522838687279524, "basis_ax_opt": 2.514591362428495, "basis_ay_opt": 4.3553999999999995}