{"c11": 279.30899641793997, "c22": 279.308996237564, "c66": 101.21955450515779, "c26": 1.033835042892536e-07, "c16": -3.82914224406416e-08, "c12": 76.8698879534814}