{"s11": 0.010133876629239527, "s22": 0.002359720066906269, "s66": 0.0006414313593820148, "s26": 0.0012268076330236822, "s16": -0.00011299314831835867, "s12": 0.0004280451615627702}