{"x_5": {"dim": "x", "nx": 5, "radius": 1.95034588669703, "pe_atom": 3.335148465408707, "pe_atom_ref": 3.3351484654087065, "bm": 9.266867847548845}, "x_6": {"dim": "x", "nx": 6, "radius": 2.321410018857373, "pe_atom": 2.561817900982133, "pe_atom_ref": 2.5618179009821325, "bm": 10.084316917737718}, "x_7": {"dim": "x", "nx": 7, "radius": 2.705665005039402, "pe_atom": 2.01749742323733, "pe_atom_ref": 2.0174974232373297, "bm": 10.78836319041902}, "x_8": {"dim": "x", "nx": 8, "radius": 3.097097944187541, "pe_atom": 1.62518350489141, "pe_atom_ref": 1.6251835048914098, "bm": 11.386934076248581}, "x_9": {"dim": "x", "nx": 9, "radius": 3.492804646609064, "pe_atom": 1.334782346617578, "pe_atom_ref": 1.3347823466175779, "bm": 11.894702031701591}, "x_10": {"dim": "x", "nx": 10, "radius": 3.891185591043873, "pe_atom": 1.11447530256664, "pe_atom_ref": 1.1144753025666398, "bm": 12.326190051911304}, "x_11": {"dim": "x", "nx": 11, "radius": 4.291286220110941, "pe_atom": 0.9436977240179057, "pe_atom_ref": 0.9436977240179055, "bm": 12.694113951454803}, "x_12": {"dim": "x", "nx": 12, "radius": 4.692505819850147, "pe_atom": 0.8088066814926242, "pe_atom_ref": 0.808806681492624, "bm": 13.009149089869247}, "x_13": {"dim": "x", "nx": 13, "radius": 5.094452313315263, "pe_atom": 0.7005065224546841, "pe_atom_ref": 0.7005065224546839, "bm": 13.280111057283701}, "x_20": {"dim": "x", "nx": 20, "radius": 7.914125306934526, "pe_atom": 0.3150408178531975, "pe_atom_ref": 0.3150408178531972, "bm": 14.413424967888796}, "x_40": {"dim": "x", "nx": 40, "radius": 15.9548668069979, "pe_atom": 0.08217679532108942, "pe_atom_ref": 0.08217679532108917, "bm": 15.280236908657532}, "x_80": {"dim": "x", "nx": 80, "radius": 31.98862913584029, "pe_atom": 0.02079326376473191, "pe_atom_ref": 0.020793263764731656, "bm": 15.542054991640335}, "x_160": {"dim": "x", "nx": 160, "radius": 64.01928484114649, "pe_atom": 0.005214599058457108, "pe_atom_ref": 0.005214599058456856, "bm": 15.611228458358774}, "x_320": {"dim": "x", "nx": 320, "radius": 128.0599333751903, "pe_atom": 0.001304679518588791, "pe_atom_ref": 0.001304679518588539, "bm": 15.628773908517362}, "y_3": {"dim": "y", "nx": 3, "radius": 2.002478662020375, "pe_atom": 3.181981028313486, "pe_atom_ref": 3.1819810283134857, "bm": 9.320257276728567}, "y_4": {"dim": "y", "nx": 4, "radius": 2.680498135935815, "pe_atom": 2.118904257976447, "pe_atom_ref": 2.1189042579764465, "bm": 11.120821592365505}, "y_5": {"dim": "y", "nx": 5, "radius": 3.373003990006055, "pe_atom": 1.479897519053473, "pe_atom_ref": 1.4798975190534729, "bm": 12.298718825734234}, "y_6": {"dim": "y", "nx": 6, "radius": 4.070535152164501, "pe_atom": 1.081924600310376, "pe_atom_ref": 1.0819246003103757, "bm": 13.094669318169894}, "y_7": {"dim": "y", "nx": 7, "radius": 4.769564958968139, "pe_atom": 0.8214129228946171, "pe_atom_ref": 0.8214129228946169, "bm": 13.649400844127127}, "y_8": {"dim": "y", "nx": 8, "radius": 5.468745739434668, "pe_atom": 0.6430215172808849, "pe_atom_ref": 0.6430215172808846, "bm": 14.047385170846471}, "y_9": {"dim": "y", "nx": 9, "radius": 6.167575812447994, "pe_atom": 0.5161098341341006, "pe_atom_ref": 0.5161098341341004, "bm": 14.340544724667698}, "y_10": {"dim": "y", "nx": 10, "radius": 6.865895150275776, "pe_atom": 0.4228842443267105, "pe_atom_ref": 0.42288424432671023, "bm": 14.561642327101936}, "y_11": {"dim": "y", "nx": 11, "radius": 7.56368278520655, "pe_atom": 0.3525316247414843, "pe_atom_ref": 0.35253162474148403, "bm": 14.731915411111972}, "y_12": {"dim": "y", "nx": 12, "radius": 8.260972020657645, "pe_atom": 0.298210243485326, "pe_atom_ref": 0.2982102434853257, "bm": 14.865495185427363}, "y_13": {"dim": "y", "nx": 13, "radius": 8.957814225254682, "pe_atom": 0.2554357813637741, "pe_atom_ref": 0.2554357813637738, "bm": 14.972018555056922}, "y_20": {"dim": "y", "nx": 20, "radius": 13.82714551058859, "pe_atom": 0.1098688094465768, "pe_atom_ref": 0.10986880944657655, "bm": 15.3438380367407}, "y_40": {"dim": "y", "nx": 40, "radius": 27.70857449543732, "pe_atom": 0.027745728839308, "pe_atom_ref": 0.027745728839307746, "bm": 15.560337960384654}, "y_80": {"dim": "y", "nx": 80, "radius": 55.44522882284839, "pe_atom": 0.006954180084430696, "pe_atom_ref": 0.0069541800844304434, "bm": 15.615964534601115}, "y_160": {"dim": "y", "nx": 160, "radius": 110.9046189430364, "pe_atom": 0.001739659749639045, "pe_atom_ref": 0.001739659749638793, "bm": 15.629968547256672}}