{"atoms": 32.0, "bonds": 48.0, "dihedrals": 192.0, "lx": 10.05836544971399, "ly": 8.710799999999999, "lz": 200.0, "pe_atom": 3.079481114559065e-17, "ebond_atom": 2.5293584627027556e-29, "eangle_atom": 2.5086146564577467e-29, "edihed_atom": 3.0794811145540265e-17, "pxx": -1.0759705297143701e-08, "pyy": -8.743708481701532e-09, "pzz": 0.0, "pxy": -1.0229385328288984e-09, "pxz": 0.0, "pyz": 0.0, "area_density": 0.36522838687279485, "basis_ax_opt": 2.5145913624284977, "basis_ay_opt": 4.3553999999999995}