{"c11": 279.30899686149996, "c22": 279.308996778572, "c66": 101.2195548533524, "c26": -1.527428355164568e-08, "c16": -4.1343127238005405e-08, "c12": 76.8698875718746}