{"s11": -0.11016281221308898, "s22": -0.07466395658866855, "s66": -0.004372482945403563, "s26": 0.022838943749603848, "s16": 0.02600933138242389, "s12": -0.0912640155510044}