{"x_5": {"dim": "x", "nx": 5, "radius": 2.078540747206092, "pe_atom": 0.3873274367125014, "pe_atom_ref": 0.38732743671250136, "bm": 1.2223339320924242}, "x_6": {"dim": "x", "nx": 6, "radius": 2.460330905287685, "pe_atom": 0.2927705572266883, "pe_atom_ref": 0.29277055722668827, "bm": 1.294520594811437}, "x_7": {"dim": "x", "nx": 7, "radius": 2.848409490804668, "pe_atom": 0.2275097876522249, "pe_atom_ref": 0.22750978765222488, "bm": 1.348340110645683}, "x_8": {"dim": "x", "nx": 8, "radius": 3.240259566615605, "pe_atom": 0.1810554653432334, "pe_atom_ref": 0.18105546534323338, "bm": 1.3885635563956118}, "x_9": {"dim": "x", "nx": 9, "radius": 3.634463647685804, "pe_atom": 0.1470698942192507, "pe_atom_ref": 0.14706989421925068, "bm": 1.4190541219732768}, "x_10": {"dim": "x", "nx": 10, "radius": 4.030201917142254, "pe_atom": 0.1215857038655993, "pe_atom_ref": 0.12158570386559928, "bm": 1.4425492343885045}, "x_11": {"dim": "x", "nx": 11, "radius": 4.426979933301135, "pe_atom": 0.1020528592811426, "pe_atom_ref": 0.10205285928114258, "bm": 1.4609481564131885}, "x_12": {"dim": "x", "nx": 12, "radius": 4.824487129927143, "pe_atom": 0.08678896384806119, "pe_atom_ref": 0.08678896384806116, "bm": 1.4755751361199918}, "x_13": {"dim": "x", "nx": 13, "radius": 5.222521181703915, "pe_atom": 0.0746556577343847, "pe_atom_ref": 0.07465565773438468, "bm": 1.487365374506734}, "x_14": {"dim": "x", "nx": 14, "radius": 5.620945949219815, "pe_atom": 0.06486424781623189, "pe_atom_ref": 0.06486424781623186, "bm": 1.4969894006048396}, "x_15": {"dim": "x", "nx": 15, "radius": 6.019667170366035, "pe_atom": 0.05685627498401662, "pe_atom_ref": 0.056856274984016596, "bm": 1.504935486134413}, "x_20": {"dim": "x", "nx": 20, "radius": 8.015910761119551, "pe_atom": 0.03258629003982605, "pe_atom_ref": 0.03258629003982602, "bm": 1.5294496584243662}, "x_40": {"dim": "x", "nx": 40, "radius": 16.01389104694866, "pe_atom": 0.008299485770413789, "pe_atom_ref": 0.008299485770413758, "bm": 1.5546743889004138}, "x_80": {"dim": "x", "nx": 80, "radius": 32.01947754220433, "pe_atom": 0.002084725692704684, "pe_atom_ref": 0.002084725692704653, "bm": 1.56124809761622}, "x_160": {"dim": "x", "nx": 160, "radius": 64.03489027365167, "pe_atom": 0.0005218021858182711, "pe_atom_ref": 0.0005218021858182403, "bm": 1.56290922344907}, "x_320": {"dim": "x", "nx": 320, "radius": 128.0677592387343, "pe_atom": 0.0001304894211980086, "pe_atom_ref": 0.0001304894211979778, "bm": 1.5633256274598961}, "y_3": {"dim": "y", "nx": 3, "radius": 2.124603875033367, "pe_atom": 0.3594360620046674, "pe_atom_ref": 0.3594360620046673, "bm": 1.1851466867852236}, "y_4": {"dim": "y", "nx": 4, "radius": 2.803440735683802, "pe_atom": 0.2300960675478736, "pe_atom_ref": 0.23009606754787357, "bm": 1.3209502957161687}, "y_5": {"dim": "y", "nx": 5, "radius": 3.488876496941407, "pe_atom": 0.1572083667633203, "pe_atom_ref": 0.15720836676332028, "bm": 1.3977881965243437}, "y_6": {"dim": "y", "nx": 6, "radius": 4.177373543723752, "pe_atom": 0.1132875333869418, "pe_atom_ref": 0.11328753338694177, "bm": 1.4440534405877203}, "y_7": {"dim": "y", "nx": 7, "radius": 4.867457379150385, "pe_atom": 0.08515401379411536, "pe_atom_ref": 0.08515401379411533, "bm": 1.4736826114365575}, "y_8": {"dim": "y", "nx": 8, "radius": 5.558449055620661, "pe_atom": 0.06618374497053411, "pe_atom_ref": 0.06618374497053409, "bm": 1.4936647016004794}, "y_9": {"dim": "y", "nx": 9, "radius": 6.250002837942203, "pe_atom": 0.05284048716640963, "pe_atom_ref": 0.0528404871664096, "bm": 1.5077237043318221}, "y_10": {"dim": "y", "nx": 10, "radius": 6.941927057526165, "pe_atom": 0.04312283946869121, "pe_atom_ref": 0.04312283946869118, "bm": 1.5179657144502416}, "y_11": {"dim": "y", "nx": 11, "radius": 7.634107805789669, "pe_atom": 0.03583790724160422, "pe_atom_ref": 0.03583790724160419, "bm": 1.5256458745636066}, "y_12": {"dim": "y", "nx": 12, "radius": 8.326473428282808, "pe_atom": 0.03024220761886903, "pe_atom_ref": 0.030242207618868998, "bm": 1.5315465885714976}, "y_13": {"dim": "y", "nx": 13, "radius": 9.018976691793508, "pe_atom": 0.02585422726660304, "pe_atom_ref": 0.025854227266603007, "bm": 1.536174713210554}, "y_14": {"dim": "y", "nx": 14, "radius": 9.711585226354616, "pe_atom": 0.02235162938161442, "pe_atom_ref": 0.022351629381614387, "bm": 1.5398696523003075}, "y_15": {"dim": "y", "nx": 15, "radius": 10.40427611139225, "pe_atom": 0.01951235771827799, "pe_atom_ref": 0.01951235771827796, "bm": 1.5428652880422262}, "y_20": {"dim": "y", "nx": 20, "radius": 13.86850654711961, "pe_atom": 0.01104541754608799, "pe_atom_ref": 0.011045417546087958, "bm": 1.5518010826728923}, "y_40": {"dim": "y", "nx": 40, "radius": 27.72972908970802, "pe_atom": 0.002778346106873488, "pe_atom_ref": 0.0027783461068734572, "bm": 1.5605299935979353}, "y_80": {"dim": "y", "nx": 80, "radius": 55.45586743150078, "pe_atom": 0.0006956556945290134, "pe_atom_ref": 0.0006956556945289826, "bm": 1.5627297177289425}, "y_160": {"dim": "y", "nx": 160, "radius": 110.909945978872, "pe_atom": 0.0001739808596766415, "pe_atom_ref": 0.0001739808596766107, "bm": 1.5632807524092223}}